date,city,total_cases
2020-03-12,Florianópolis,2.0
2020-03-13,Florianópolis,2.0
2020-03-14,Florianópolis,2.0
2020-03-15,Florianópolis,2.0
2020-03-16,Florianópolis,3.0
2020-03-17,Florianópolis,3.0
2020-03-18,Florianópolis,5.0
2020-03-19,Florianópolis,6.0
2020-03-20,Florianópolis,8.0
2020-03-21,Florianópolis,10.0
2020-03-22,Florianópolis,10.0
2020-03-23,Florianópolis,15.0
2020-03-24,Florianópolis,20.0
2020-03-25,Florianópolis,16.0
2020-03-26,Florianópolis,20.0
2020-03-27,Florianópolis,27.0
2020-03-28,Florianópolis,30.0
2020-03-29,Florianópolis,40.0
2020-03-30,Florianópolis,50.0
2020-03-31,Florianópolis,58.0
2020-04-01,Florianópolis,60.0
2020-04-02,Florianópolis,71.0
2020-04-03,Florianópolis,78.0
2020-04-04,Florianópolis,90.0
2020-03-12,Itajaí,0.0
2020-03-13,Itajaí,0.0
2020-03-14,Itajaí,0.0
2020-03-15,Itajaí,0.0
2020-03-16,Itajaí,0.0
2020-03-17,Itajaí,0.0
2020-03-18,Itajaí,0.0
2020-03-19,Itajaí,0.0
2020-03-20,Itajaí,1.0
2020-03-21,Itajaí,6.0
2020-03-22,Itajaí,7.0
2020-03-23,Itajaí,7.0
2020-03-24,Itajaí,10.0
2020-03-25,Itajaí,12.0
2020-03-26,Itajaí,16.0
2020-03-27,Itajaí,18.0
2020-03-28,Itajaí,18.0
2020-03-29,Itajaí,18.0
2020-03-30,Itajaí,18.0
2020-03-31,Itajaí,18.0
2020-04-01,Itajaí,18.0
2020-04-02,Itajaí,19.0
2020-04-03,Itajaí,19.0
2020-04-04,Itajaí,20.0
2020-03-12,Criciúma,0.0
2020-03-13,Criciúma,0.0
2020-03-14,Criciúma,0.0
2020-03-15,Criciúma,0.0
2020-03-16,Criciúma,0.0
2020-03-17,Criciúma,0.0
2020-03-18,Criciúma,0.0
2020-03-19,Criciúma,0.0
2020-03-20,Criciúma,1.0
2020-03-21,Criciúma,6.0
2020-03-22,Criciúma,7.0
2020-03-23,Criciúma,9.0
2020-03-24,Criciúma,9.0
2020-03-25,Criciúma,11.0
2020-03-26,Criciúma,12.0
2020-03-27,Criciúma,12.0
2020-03-28,Criciúma,13.0
2020-03-29,Criciúma,13.0
2020-03-30,Criciúma,15.0
2020-03-31,Criciúma,17.0
2020-04-01,Criciúma,21.0
2020-04-02,Criciúma,23.0
2020-04-03,Criciúma,23.0
2020-04-04,Criciúma,23.0
2020-03-12,Blumenau,0.0
2020-03-13,Blumenau,0.0
2020-03-14,Blumenau,0.0
2020-03-15,Blumenau,0.0
2020-03-16,Blumenau,0.0
2020-03-17,Blumenau,0.0
2020-03-18,Blumenau,0.0
2020-03-19,Blumenau,0.0
2020-03-20,Blumenau,0.0
2020-03-21,Blumenau,0.0
2020-03-22,Blumenau,6.0
2020-03-23,Blumenau,7.0
2020-03-24,Blumenau,7.0
2020-03-25,Blumenau,9.0
2020-03-26,Blumenau,12.0
2020-03-27,Blumenau,12.0
2020-03-28,Blumenau,12.0
2020-03-29,Blumenau,12.0
2020-03-30,Blumenau,14.0
2020-03-31,Blumenau,19.0
2020-04-01,Blumenau,22.0
2020-04-02,Blumenau,22.0
2020-04-03,Blumenau,24.0
2020-04-04,Blumenau,25.0
2020-03-12,Braço do Norte,0.0
2020-03-13,Braço do Norte,0.0
2020-03-14,Braço do Norte,0.0
2020-03-15,Braço do Norte,1.0
2020-03-16,Braço do Norte,1.0
2020-03-17,Braço do Norte,1.0
2020-03-18,Braço do Norte,2.0
2020-03-19,Braço do Norte,4.0
2020-03-20,Braço do Norte,4.0
2020-03-21,Braço do Norte,6.0
2020-03-22,Braço do Norte,7.0
2020-03-23,Braço do Norte,9.0
2020-03-24,Braço do Norte,9.0
2020-03-25,Braço do Norte,9.0
2020-03-26,Braço do Norte,9.0
2020-03-27,Braço do Norte,9.0
2020-03-28,Braço do Norte,12.0
2020-03-29,Braço do Norte,12.0
2020-03-30,Braço do Norte,12.0
2020-03-31,Braço do Norte,12.0
2020-04-01,Braço do Norte,12.0
2020-04-02,Braço do Norte,12.0
2020-04-03,Braço do Norte,12.0
2020-04-04,Braço do Norte,15.0
2020-03-12,Balneário Camboriú,0.0
2020-03-13,Balneário Camboriú,0.0
2020-03-14,Balneário Camboriú,0.0
2020-03-15,Balneário Camboriú,0.0
2020-03-16,Balneário Camboriú,0.0
2020-03-17,Balneário Camboriú,0.0
2020-03-18,Balneário Camboriú,2.0
2020-03-19,Balneário Camboriú,4.0
2020-03-20,Balneário Camboriú,4.0
2020-03-21,Balneário Camboriú,6.0
2020-03-22,Balneário Camboriú,6.0
2020-03-23,Balneário Camboriú,6.0
2020-03-24,Balneário Camboriú,9.0
2020-03-25,Balneário Camboriú,7.0
2020-03-26,Balneário Camboriú,8.0
2020-03-27,Balneário Camboriú,9.0
2020-03-28,Balneário Camboriú,9.0
2020-03-29,Balneário Camboriú,9.0
2020-03-30,Balneário Camboriú,9.0
2020-03-31,Balneário Camboriú,9.0
2020-04-01,Balneário Camboriú,10.0
2020-04-02,Balneário Camboriú,10.0
2020-04-03,Balneário Camboriú,10.0
2020-04-04,Balneário Camboriú,12.0
2020-03-12,Tubarão,0.0
2020-03-13,Tubarão,0.0
2020-03-14,Tubarão,0.0
2020-03-15,Tubarão,0.0
2020-03-16,Tubarão,0.0
2020-03-17,Tubarão,0.0
2020-03-18,Tubarão,2.0
2020-03-19,Tubarão,2.0
2020-03-20,Tubarão,2.0
2020-03-21,Tubarão,6.0
2020-03-22,Tubarão,6.0
2020-03-23,Tubarão,7.0
2020-03-24,Tubarão,9.0
2020-03-25,Tubarão,8.0
2020-03-26,Tubarão,8.0
2020-03-27,Tubarão,8.0
2020-03-28,Tubarão,8.0
2020-03-29,Tubarão,9.0
2020-03-30,Tubarão,9.0
2020-03-31,Tubarão,9.0
2020-04-01,Tubarão,10.0
2020-04-02,Tubarão,14.0
2020-04-03,Tubarão,15.0
2020-04-04,Tubarão,16.0
2020-03-12,São José,0.0
2020-03-13,São José,0.0
2020-03-14,São José,0.0
2020-03-15,São José,0.0
2020-03-16,São José,0.0
2020-03-17,São José,0.0
2020-03-18,São José,0.0
2020-03-19,São José,1.0
2020-03-20,São José,1.0
2020-03-21,São José,2.0
2020-03-22,São José,3.0
2020-03-23,São José,4.0
2020-03-24,São José,6.0
2020-03-25,São José,5.0
2020-03-26,São José,8.0
2020-03-27,São José,8.0
2020-03-28,São José,9.0
2020-03-29,São José,10.0
2020-03-30,São José,10.0
2020-03-31,São José,10.0
2020-04-01,São José,10.0
2020-04-02,São José,12.0
2020-04-03,São José,12.0
2020-04-04,São José,14.0
2020-03-12,Joinville,0.0
2020-03-13,Joinville,1.0
2020-03-14,Joinville,1.0
2020-03-15,Joinville,1.0
2020-03-16,Joinville,1.0
2020-03-17,Joinville,1.0
2020-03-18,Joinville,1.0
2020-03-19,Joinville,2.0
2020-03-20,Joinville,2.0
2020-03-21,Joinville,4.0
2020-03-22,Joinville,4.0
2020-03-23,Joinville,4.0
2020-03-24,Joinville,4.0
2020-03-25,Joinville,5.0
2020-03-26,Joinville,7.0
2020-03-27,Joinville,8.0
2020-03-28,Joinville,9.0
2020-03-29,Joinville,9.0
2020-03-30,Joinville,14.0
2020-03-31,Joinville,14.0
2020-04-01,Joinville,14.0
2020-04-02,Joinville,16.0
2020-04-03,Joinville,17.0
2020-04-04,Joinville,18.0
2020-03-12,Imbituba,0.0
2020-03-13,Imbituba,0.0
2020-03-14,Imbituba,0.0
2020-03-15,Imbituba,0.0
2020-03-16,Imbituba,0.0
2020-03-17,Imbituba,0.0
2020-03-18,Imbituba,0.0
2020-03-19,Imbituba,0.0
2020-03-20,Imbituba,1.0
2020-03-21,Imbituba,2.0
2020-03-22,Imbituba,2.0
2020-03-23,Imbituba,2.0
2020-03-24,Imbituba,4.0
2020-03-25,Imbituba,4.0
2020-03-26,Imbituba,5.0
2020-03-27,Imbituba,5.0
2020-03-28,Imbituba,5.0
2020-03-29,Imbituba,5.0
2020-03-30,Imbituba,5.0
2020-03-31,Imbituba,5.0
2020-04-01,Imbituba,5.0
2020-04-02,Imbituba,5.0
2020-04-03,Imbituba,6.0
2020-04-04,Imbituba,6.0
2020-03-12,Chapecó,0.0
2020-03-13,Chapecó,0.0
2020-03-14,Chapecó,0.0
2020-03-15,Chapecó,0.0
2020-03-16,Chapecó,0.0
2020-03-17,Chapecó,0.0
2020-03-18,Chapecó,0.0
2020-03-19,Chapecó,0.0
2020-03-20,Chapecó,0.0
2020-03-21,Chapecó,2.0
2020-03-22,Chapecó,2.0
2020-03-23,Chapecó,2.0
2020-03-24,Chapecó,3.0
2020-03-25,Chapecó,2.0
2020-03-26,Chapecó,4.0
2020-03-27,Chapecó,4.0
2020-03-28,Chapecó,5.0
2020-03-29,Chapecó,5.0
2020-03-30,Chapecó,5.0
2020-03-31,Chapecó,5.0
2020-04-01,Chapecó,5.0
2020-04-02,Chapecó,5.0
2020-04-03,Chapecó,5.0
2020-04-04,Chapecó,5.0
2020-03-12,Camboriú,0.0
2020-03-13,Camboriú,0.0
2020-03-14,Camboriú,0.0
2020-03-15,Camboriú,0.0
2020-03-16,Camboriú,0.0
2020-03-17,Camboriú,0.0
2020-03-18,Camboriú,0.0
2020-03-19,Camboriú,0.0
2020-03-20,Camboriú,0.0
2020-03-21,Camboriú,0.0
2020-03-22,Camboriú,0.0
2020-03-23,Camboriú,0.0
2020-03-24,Camboriú,0.0
2020-03-25,Camboriú,2.0
2020-03-26,Camboriú,4.0
2020-03-27,Camboriú,4.0
2020-03-28,Camboriú,7.0
2020-03-29,Camboriú,7.0
2020-03-30,Camboriú,7.0
2020-03-31,Camboriú,7.0
2020-04-01,Camboriú,7.0
2020-04-02,Camboriú,7.0
2020-04-03,Camboriú,7.0
2020-04-04,Camboriú,7.0
2020-03-12,Porto Belo,0.0
2020-03-13,Porto Belo,0.0
2020-03-14,Porto Belo,0.0
2020-03-15,Porto Belo,0.0
2020-03-16,Porto Belo,0.0
2020-03-17,Porto Belo,0.0
2020-03-18,Porto Belo,0.0
2020-03-19,Porto Belo,0.0
2020-03-20,Porto Belo,0.0
2020-03-21,Porto Belo,0.0
2020-03-22,Porto Belo,0.0
2020-03-23,Porto Belo,2.0
2020-03-24,Porto Belo,2.0
2020-03-25,Porto Belo,2.0
2020-03-26,Porto Belo,3.0
2020-03-27,Porto Belo,3.0
2020-03-28,Porto Belo,4.0
2020-03-29,Porto Belo,4.0
2020-03-30,Porto Belo,4.0
2020-03-31,Porto Belo,4.0
2020-04-01,Porto Belo,4.0
2020-04-02,Porto Belo,4.0
2020-04-03,Porto Belo,4.0
2020-04-04,Porto Belo,4.0
2020-03-12,Navegantes,0.0
2020-03-13,Navegantes,0.0
2020-03-14,Navegantes,0.0
2020-03-15,Navegantes,0.0
2020-03-16,Navegantes,0.0
2020-03-17,Navegantes,0.0
2020-03-18,Navegantes,0.0
2020-03-19,Navegantes,0.0
2020-03-20,Navegantes,0.0
2020-03-21,Navegantes,1.0
2020-03-22,Navegantes,1.0
2020-03-23,Navegantes,1.0
2020-03-24,Navegantes,3.0
2020-03-25,Navegantes,3.0
2020-03-26,Navegantes,3.0
2020-03-27,Navegantes,3.0
2020-03-28,Navegantes,3.0
2020-03-29,Navegantes,3.0
2020-03-30,Navegantes,3.0
2020-03-31,Navegantes,3.0
2020-04-01,Navegantes,3.0
2020-04-02,Navegantes,4.0
2020-04-03,Navegantes,4.0
2020-04-04,Navegantes,4.0
2020-03-12,Gravatal,0.0
2020-03-13,Gravatal,0.0
2020-03-14,Gravatal,0.0
2020-03-15,Gravatal,0.0
2020-03-16,Gravatal,0.0
2020-03-17,Gravatal,0.0
2020-03-18,Gravatal,0.0
2020-03-19,Gravatal,0.0
2020-03-20,Gravatal,0.0
2020-03-21,Gravatal,1.0
2020-03-22,Gravatal,1.0
2020-03-23,Gravatal,2.0
2020-03-24,Gravatal,2.0
2020-03-25,Gravatal,3.0
2020-03-26,Gravatal,3.0
2020-03-27,Gravatal,3.0
2020-03-28,Gravatal,3.0
2020-03-29,Gravatal,3.0
2020-03-30,Gravatal,3.0
2020-03-31,Gravatal,3.0
2020-04-01,Gravatal,3.0
2020-04-02,Gravatal,3.0
2020-04-03,Gravatal,3.0
2020-04-04,Gravatal,4.0
2020-03-12,Siderópolis,0.0
2020-03-13,Siderópolis,0.0
2020-03-14,Siderópolis,0.0
2020-03-15,Siderópolis,0.0
2020-03-16,Siderópolis,0.0
2020-03-17,Siderópolis,0.0
2020-03-18,Siderópolis,0.0
2020-03-19,Siderópolis,0.0
2020-03-20,Siderópolis,0.0
2020-03-21,Siderópolis,0.0
2020-03-22,Siderópolis,0.0
2020-03-23,Siderópolis,0.0
2020-03-24,Siderópolis,0.0
2020-03-25,Siderópolis,0.0
2020-03-26,Siderópolis,2.0
2020-03-27,Siderópolis,2.0
2020-03-28,Siderópolis,2.0
2020-03-29,Siderópolis,2.0
2020-03-30,Siderópolis,2.0
2020-03-31,Siderópolis,2.0
2020-04-01,Siderópolis,2.0
2020-04-02,Siderópolis,2.0
2020-04-03,Siderópolis,2.0
2020-04-04,Siderópolis,2.0
2020-03-12,Rancho Queimado,0.0
2020-03-13,Rancho Queimado,0.0
2020-03-14,Rancho Queimado,2.0
2020-03-15,Rancho Queimado,2.0
2020-03-16,Rancho Queimado,2.0
2020-03-17,Rancho Queimado,2.0
2020-03-18,Rancho Queimado,2.0
2020-03-19,Rancho Queimado,2.0
2020-03-20,Rancho Queimado,2.0
2020-03-21,Rancho Queimado,2.0
2020-03-22,Rancho Queimado,2.0
2020-03-23,Rancho Queimado,2.0
2020-03-24,Rancho Queimado,2.0
2020-03-25,Rancho Queimado,2.0
2020-03-26,Rancho Queimado,2.0
2020-03-27,Rancho Queimado,2.0
2020-03-28,Rancho Queimado,2.0
2020-03-29,Rancho Queimado,2.0
2020-03-30,Rancho Queimado,2.0
2020-03-31,Rancho Queimado,2.0
2020-04-01,Rancho Queimado,2.0
2020-04-02,Rancho Queimado,2.0
2020-04-03,Rancho Queimado,2.0
2020-04-04,Rancho Queimado,2.0
2020-03-12,Jaraguá do Sul,0.0
2020-03-13,Jaraguá do Sul,0.0
2020-03-14,Jaraguá do Sul,0.0
2020-03-15,Jaraguá do Sul,0.0
2020-03-16,Jaraguá do Sul,0.0
2020-03-17,Jaraguá do Sul,0.0
2020-03-18,Jaraguá do Sul,0.0
2020-03-19,Jaraguá do Sul,0.0
2020-03-20,Jaraguá do Sul,1.0
2020-03-21,Jaraguá do Sul,1.0
2020-03-22,Jaraguá do Sul,1.0
2020-03-23,Jaraguá do Sul,2.0
2020-03-24,Jaraguá do Sul,2.0
2020-03-25,Jaraguá do Sul,2.0
2020-03-26,Jaraguá do Sul,2.0
2020-03-27,Jaraguá do Sul,2.0
2020-03-28,Jaraguá do Sul,2.0
2020-03-29,Jaraguá do Sul,2.0
2020-03-30,Jaraguá do Sul,3.0
2020-03-31,Jaraguá do Sul,3.0
2020-04-01,Jaraguá do Sul,4.0
2020-04-02,Jaraguá do Sul,4.0
2020-04-03,Jaraguá do Sul,5.0
2020-04-04,Jaraguá do Sul,5.0
2020-03-12,Jaguaruna,0.0
2020-03-13,Jaguaruna,0.0
2020-03-14,Jaguaruna,0.0
2020-03-15,Jaguaruna,0.0
2020-03-16,Jaguaruna,0.0
2020-03-17,Jaguaruna,0.0
2020-03-18,Jaguaruna,0.0
2020-03-19,Jaguaruna,0.0
2020-03-20,Jaguaruna,0.0
2020-03-21,Jaguaruna,1.0
2020-03-22,Jaguaruna,1.0
2020-03-23,Jaguaruna,1.0
2020-03-24,Jaguaruna,2.0
2020-03-25,Jaguaruna,2.0
2020-03-26,Jaguaruna,2.0
2020-03-27,Jaguaruna,2.0
2020-03-28,Jaguaruna,2.0
2020-03-29,Jaguaruna,2.0
2020-03-30,Jaguaruna,2.0
2020-03-31,Jaguaruna,2.0
2020-04-01,Jaguaruna,2.0
2020-04-02,Jaguaruna,2.0
2020-04-03,Jaguaruna,2.0
2020-04-04,Jaguaruna,2.0
2020-03-12,Timbé do Sul,0.0
2020-03-13,Timbé do Sul,0.0
2020-03-14,Timbé do Sul,0.0
2020-03-15,Timbé do Sul,0.0
2020-03-16,Timbé do Sul,0.0
2020-03-17,Timbé do Sul,0.0
2020-03-18,Timbé do Sul,0.0
2020-03-19,Timbé do Sul,0.0
2020-03-20,Timbé do Sul,0.0
2020-03-21,Timbé do Sul,0.0
2020-03-22,Timbé do Sul,0.0
2020-03-23,Timbé do Sul,0.0
2020-03-24,Timbé do Sul,0.0
2020-03-25,Timbé do Sul,0.0
2020-03-26,Timbé do Sul,1.0
2020-03-27,Timbé do Sul,1.0
2020-03-28,Timbé do Sul,1.0
2020-03-29,Timbé do Sul,1.0
2020-03-30,Timbé do Sul,1.0
2020-03-31,Timbé do Sul,1.0
2020-04-01,Timbé do Sul,1.0
2020-04-02,Timbé do Sul,1.0
2020-04-03,Timbé do Sul,1.0
2020-04-04,Timbé do Sul,1.0
2020-03-12,Tijucas,0.0
2020-03-13,Tijucas,0.0
2020-03-14,Tijucas,0.0
2020-03-15,Tijucas,0.0
2020-03-16,Tijucas,0.0
2020-03-17,Tijucas,0.0
2020-03-18,Tijucas,0.0
2020-03-19,Tijucas,0.0
2020-03-20,Tijucas,0.0
2020-03-21,Tijucas,0.0
2020-03-22,Tijucas,0.0
2020-03-23,Tijucas,0.0
2020-03-24,Tijucas,1.0
2020-03-25,Tijucas,1.0
2020-03-26,Tijucas,1.0
2020-03-27,Tijucas,1.0
2020-03-28,Tijucas,1.0
2020-03-29,Tijucas,1.0
2020-03-30,Tijucas,1.0
2020-03-31,Tijucas,1.0
2020-04-01,Tijucas,1.0
2020-04-02,Tijucas,1.0
2020-04-03,Tijucas,1.0
2020-04-04,Tijucas,1.0
2020-03-12,São Pedro de Alcântara,0.0
2020-03-13,São Pedro de Alcântara,0.0
2020-03-14,São Pedro de Alcântara,0.0
2020-03-15,São Pedro de Alcântara,0.0
2020-03-16,São Pedro de Alcântara,0.0
2020-03-17,São Pedro de Alcântara,0.0
2020-03-18,São Pedro de Alcântara,0.0
2020-03-19,São Pedro de Alcântara,0.0
2020-03-20,São Pedro de Alcântara,0.0
2020-03-21,São Pedro de Alcântara,0.0
2020-03-22,São Pedro de Alcântara,0.0
2020-03-23,São Pedro de Alcântara,0.0
2020-03-24,São Pedro de Alcântara,0.0
2020-03-25,São Pedro de Alcântara,1.0
2020-03-26,São Pedro de Alcântara,1.0
2020-03-27,São Pedro de Alcântara,1.0
2020-03-28,São Pedro de Alcântara,1.0
2020-03-29,São Pedro de Alcântara,1.0
2020-03-30,São Pedro de Alcântara,1.0
2020-03-31,São Pedro de Alcântara,1.0
2020-04-01,São Pedro de Alcântara,1.0
2020-04-02,São Pedro de Alcântara,1.0
2020-04-03,São Pedro de Alcântara,1.0
2020-04-04,São Pedro de Alcântara,1.0
2020-03-12,São Ludgero,0.0
2020-03-13,São Ludgero,0.0
2020-03-14,São Ludgero,0.0
2020-03-15,São Ludgero,0.0
2020-03-16,São Ludgero,0.0
2020-03-17,São Ludgero,0.0
2020-03-18,São Ludgero,0.0
2020-03-19,São Ludgero,0.0
2020-03-20,São Ludgero,0.0
2020-03-21,São Ludgero,0.0
2020-03-22,São Ludgero,0.0
2020-03-23,São Ludgero,0.0
2020-03-24,São Ludgero,0.0
2020-03-25,São Ludgero,1.0
2020-03-26,São Ludgero,1.0
2020-03-27,São Ludgero,1.0
2020-03-28,São Ludgero,1.0
2020-03-29,São Ludgero,1.0
2020-03-30,São Ludgero,1.0
2020-03-31,São Ludgero,1.0
2020-04-01,São Ludgero,1.0
2020-04-02,São Ludgero,2.0
2020-04-03,São Ludgero,3.0
2020-04-04,São Ludgero,3.0
2020-03-12,São Lourenço do Oeste,0.0
2020-03-13,São Lourenço do Oeste,0.0
2020-03-14,São Lourenço do Oeste,0.0
2020-03-15,São Lourenço do Oeste,0.0
2020-03-16,São Lourenço do Oeste,0.0
2020-03-17,São Lourenço do Oeste,0.0
2020-03-18,São Lourenço do Oeste,0.0
2020-03-19,São Lourenço do Oeste,0.0
2020-03-20,São Lourenço do Oeste,0.0
2020-03-21,São Lourenço do Oeste,0.0
2020-03-22,São Lourenço do Oeste,0.0
2020-03-23,São Lourenço do Oeste,0.0
2020-03-24,São Lourenço do Oeste,0.0
2020-03-25,São Lourenço do Oeste,0.0
2020-03-26,São Lourenço do Oeste,0.0
2020-03-27,São Lourenço do Oeste,1.0
2020-03-28,São Lourenço do Oeste,1.0
2020-03-29,São Lourenço do Oeste,1.0
2020-03-30,São Lourenço do Oeste,1.0
2020-03-31,São Lourenço do Oeste,1.0
2020-04-01,São Lourenço do Oeste,1.0
2020-04-02,São Lourenço do Oeste,1.0
2020-04-03,São Lourenço do Oeste,1.0
2020-04-04,São Lourenço do Oeste,1.0
2020-03-12,Pomerode,0.0
2020-03-13,Pomerode,0.0
2020-03-14,Pomerode,0.0
2020-03-15,Pomerode,0.0
2020-03-16,Pomerode,0.0
2020-03-17,Pomerode,0.0
2020-03-18,Pomerode,0.0
2020-03-19,Pomerode,0.0
2020-03-20,Pomerode,1.0
2020-03-21,Pomerode,1.0
2020-03-22,Pomerode,1.0
2020-03-23,Pomerode,1.0
2020-03-24,Pomerode,1.0
2020-03-25,Pomerode,1.0
2020-03-26,Pomerode,1.0
2020-03-27,Pomerode,1.0
2020-03-28,Pomerode,1.0
2020-03-29,Pomerode,1.0
2020-03-30,Pomerode,1.0
2020-03-31,Pomerode,1.0
2020-04-01,Pomerode,1.0
2020-04-02,Pomerode,1.0
2020-04-03,Pomerode,1.0
2020-04-04,Pomerode,1.0
2020-03-12,Laguna,0.0
2020-03-13,Laguna,0.0
2020-03-14,Laguna,0.0
2020-03-15,Laguna,0.0
2020-03-16,Laguna,0.0
2020-03-17,Laguna,0.0
2020-03-18,Laguna,0.0
2020-03-19,Laguna,0.0
2020-03-20,Laguna,0.0
2020-03-21,Laguna,0.0
2020-03-22,Laguna,0.0
2020-03-23,Laguna,0.0
2020-03-24,Laguna,1.0
2020-03-25,Laguna,1.0
2020-03-26,Laguna,0.0
2020-03-27,Laguna,1.0
2020-03-28,Laguna,1.0
2020-03-29,Laguna,1.0
2020-03-30,Laguna,1.0
2020-03-31,Laguna,1.0
2020-04-01,Laguna,1.0
2020-04-02,Laguna,1.0
2020-04-03,Laguna,1.0
2020-04-04,Laguna,1.0
2020-03-12,Lages,0.0
2020-03-13,Lages,0.0
2020-03-14,Lages,0.0
2020-03-15,Lages,0.0
2020-03-16,Lages,0.0
2020-03-17,Lages,0.0
2020-03-18,Lages,0.0
2020-03-19,Lages,0.0
2020-03-20,Lages,0.0
2020-03-21,Lages,0.0
2020-03-22,Lages,1.0
2020-03-23,Lages,1.0
2020-03-24,Lages,1.0
2020-03-25,Lages,1.0
2020-03-26,Lages,1.0
2020-03-27,Lages,1.0
2020-03-28,Lages,1.0
2020-03-29,Lages,1.0
2020-03-30,Lages,1.0
2020-03-31,Lages,1.0
2020-04-01,Lages,1.0
2020-04-02,Lages,1.0
2020-04-03,Lages,1.0
2020-04-04,Lages,3.0
2020-03-12,Itapema,0.0
2020-03-13,Itapema,0.0
2020-03-14,Itapema,0.0
2020-03-15,Itapema,0.0
2020-03-16,Itapema,0.0
2020-03-17,Itapema,0.0
2020-03-18,Itapema,0.0
2020-03-19,Itapema,0.0
2020-03-20,Itapema,0.0
2020-03-21,Itapema,0.0
2020-03-22,Itapema,0.0
2020-03-23,Itapema,0.0
2020-03-24,Itapema,0.0
2020-03-25,Itapema,0.0
2020-03-26,Itapema,1.0
2020-03-27,Itapema,1.0
2020-03-28,Itapema,1.0
2020-03-29,Itapema,1.0
2020-03-30,Itapema,2.0
2020-03-31,Itapema,2.0
2020-04-01,Itapema,2.0
2020-04-02,Itapema,2.0
2020-04-03,Itapema,2.0
2020-04-04,Itapema,2.0
2020-03-12,Içara,0.0
2020-03-13,Içara,0.0
2020-03-14,Içara,0.0
2020-03-15,Içara,0.0
2020-03-16,Içara,0.0
2020-03-17,Içara,0.0
2020-03-18,Içara,0.0
2020-03-19,Içara,0.0
2020-03-20,Içara,0.0
2020-03-21,Içara,0.0
2020-03-22,Içara,0.0
2020-03-23,Içara,1.0
2020-03-24,Içara,1.0
2020-03-25,Içara,1.0
2020-03-26,Içara,1.0
2020-03-27,Içara,1.0
2020-03-28,Içara,1.0
2020-03-29,Içara,1.0
2020-03-30,Içara,1.0
2020-03-31,Içara,1.0
2020-04-01,Içara,1.0
2020-04-02,Içara,1.0
2020-04-03,Içara,1.0
2020-04-04,Içara,1.0
2020-03-12,Gaspar,0.0
2020-03-13,Gaspar,0.0
2020-03-14,Gaspar,0.0
2020-03-15,Gaspar,0.0
2020-03-16,Gaspar,0.0
2020-03-17,Gaspar,0.0
2020-03-18,Gaspar,0.0
2020-03-19,Gaspar,0.0
2020-03-20,Gaspar,0.0
2020-03-21,Gaspar,0.0
2020-03-22,Gaspar,0.0
2020-03-23,Gaspar,1.0
2020-03-24,Gaspar,1.0
2020-03-25,Gaspar,1.0
2020-03-26,Gaspar,1.0
2020-03-27,Gaspar,1.0
2020-03-28,Gaspar,2.0
2020-03-29,Gaspar,2.0
2020-03-30,Gaspar,2.0
2020-03-31,Gaspar,2.0
2020-04-01,Gaspar,2.0
2020-04-02,Gaspar,2.0
2020-04-03,Gaspar,2.0
2020-04-04,Gaspar,2.0
2020-03-12,Canelinha,0.0
2020-03-13,Canelinha,0.0
2020-03-14,Canelinha,0.0
2020-03-15,Canelinha,0.0
2020-03-16,Canelinha,0.0
2020-03-17,Canelinha,0.0
2020-03-18,Canelinha,0.0
2020-03-19,Canelinha,0.0
2020-03-20,Canelinha,0.0
2020-03-21,Canelinha,0.0
2020-03-22,Canelinha,0.0
2020-03-23,Canelinha,0.0
2020-03-24,Canelinha,0.0
2020-03-25,Canelinha,1.0
2020-03-26,Canelinha,1.0
2020-03-27,Canelinha,1.0
2020-03-28,Canelinha,1.0
2020-03-29,Canelinha,1.0
2020-03-30,Canelinha,1.0
2020-03-31,Canelinha,1.0
2020-04-01,Canelinha,1.0
2020-04-02,Canelinha,1.0
2020-04-03,Canelinha,1.0
2020-04-04,Canelinha,1.0
2020-03-12,Antônio Carlos,0.0
2020-03-13,Antônio Carlos,0.0
2020-03-14,Antônio Carlos,0.0
2020-03-15,Antônio Carlos,0.0
2020-03-16,Antônio Carlos,0.0
2020-03-17,Antônio Carlos,0.0
2020-03-18,Antônio Carlos,0.0
2020-03-19,Antônio Carlos,0.0
2020-03-20,Antônio Carlos,0.0
2020-03-21,Antônio Carlos,0.0
2020-03-22,Antônio Carlos,0.0
2020-03-23,Antônio Carlos,0.0
2020-03-24,Antônio Carlos,0.0
2020-03-25,Antônio Carlos,0.0
2020-03-26,Antônio Carlos,0.0
2020-03-27,Antônio Carlos,1.0
2020-03-28,Antônio Carlos,1.0
2020-03-29,Antônio Carlos,1.0
2020-03-30,Antônio Carlos,1.0
2020-03-31,Antônio Carlos,1.0
2020-04-01,Antônio Carlos,1.0
2020-04-02,Antônio Carlos,8.0
2020-04-03,Antônio Carlos,8.0
2020-04-04,Antônio Carlos,8.0
2020-03-12,Balneário Arroio do Silva,0.0
2020-03-13,Balneário Arroio do Silva,0.0
2020-03-14,Balneário Arroio do Silva,0.0
2020-03-15,Balneário Arroio do Silva,0.0
2020-03-16,Balneário Arroio do Silva,0.0
2020-03-17,Balneário Arroio do Silva,0.0
2020-03-18,Balneário Arroio do Silva,0.0
2020-03-19,Balneário Arroio do Silva,0.0
2020-03-20,Balneário Arroio do Silva,0.0
2020-03-21,Balneário Arroio do Silva,0.0
2020-03-22,Balneário Arroio do Silva,0.0
2020-03-23,Balneário Arroio do Silva,0.0
2020-03-24,Balneário Arroio do Silva,0.0
2020-03-25,Balneário Arroio do Silva,1.0
2020-03-26,Balneário Arroio do Silva,1.0
2020-03-27,Balneário Arroio do Silva,1.0
2020-03-28,Balneário Arroio do Silva,1.0
2020-03-29,Balneário Arroio do Silva,1.0
2020-03-30,Balneário Arroio do Silva,1.0
2020-03-31,Balneário Arroio do Silva,1.0
2020-04-01,Balneário Arroio do Silva,1.0
2020-04-02,Balneário Arroio do Silva,1.0
2020-04-03,Balneário Arroio do Silva,1.0
2020-04-04,Balneário Arroio do Silva,1.0
2020-03-12,Brusque,0.0
2020-03-13,Brusque,0.0
2020-03-14,Brusque,0.0
2020-03-15,Brusque,0.0
2020-03-16,Brusque,0.0
2020-03-17,Brusque,0.0
2020-03-18,Brusque,0.0
2020-03-19,Brusque,0.0
2020-03-20,Brusque,0.0
2020-03-21,Brusque,0.0
2020-03-22,Brusque,0.0
2020-03-23,Brusque,0.0
2020-03-24,Brusque,0.0
2020-03-25,Brusque,0.0
2020-03-26,Brusque,0.0
2020-03-27,Brusque,0.0
2020-03-28,Brusque,2.0
2020-03-29,Brusque,2.0
2020-03-30,Brusque,2.0
2020-03-31,Brusque,3.0
2020-04-01,Brusque,3.0
2020-04-02,Brusque,3.0
2020-04-03,Brusque,3.0
2020-04-04,Brusque,4.0
2020-03-12,Papanduva,0.0
2020-03-13,Papanduva,0.0
2020-03-14,Papanduva,0.0
2020-03-15,Papanduva,0.0
2020-03-16,Papanduva,0.0
2020-03-17,Papanduva,0.0
2020-03-18,Papanduva,0.0
2020-03-19,Papanduva,0.0
2020-03-20,Papanduva,0.0
2020-03-21,Papanduva,0.0
2020-03-22,Papanduva,0.0
2020-03-23,Papanduva,0.0
2020-03-24,Papanduva,0.0
2020-03-25,Papanduva,0.0
2020-03-26,Papanduva,0.0
2020-03-27,Papanduva,0.0
2020-03-28,Papanduva,2.0
2020-03-29,Papanduva,2.0
2020-03-30,Papanduva,2.0
2020-03-31,Papanduva,2.0
2020-04-01,Papanduva,2.0
2020-04-02,Papanduva,2.0
2020-04-03,Papanduva,2.0
2020-04-04,Papanduva,2.0
2020-03-12,São Francisco do Sul,0.0
2020-03-13,São Francisco do Sul,0.0
2020-03-14,São Francisco do Sul,0.0
2020-03-15,São Francisco do Sul,0.0
2020-03-16,São Francisco do Sul,0.0
2020-03-17,São Francisco do Sul,0.0
2020-03-18,São Francisco do Sul,0.0
2020-03-19,São Francisco do Sul,0.0
2020-03-20,São Francisco do Sul,0.0
2020-03-21,São Francisco do Sul,0.0
2020-03-22,São Francisco do Sul,0.0
2020-03-23,São Francisco do Sul,0.0
2020-03-24,São Francisco do Sul,0.0
2020-03-25,São Francisco do Sul,0.0
2020-03-26,São Francisco do Sul,0.0
2020-03-27,São Francisco do Sul,0.0
2020-03-28,São Francisco do Sul,1.0
2020-03-29,São Francisco do Sul,1.0
2020-03-30,São Francisco do Sul,1.0
2020-03-31,São Francisco do Sul,1.0
2020-04-01,São Francisco do Sul,1.0
2020-04-02,São Francisco do Sul,1.0
2020-04-03,São Francisco do Sul,1.0
2020-04-04,São Francisco do Sul,2.0
2020-03-12,Urussanga,0.0
2020-03-13,Urussanga,0.0
2020-03-14,Urussanga,0.0
2020-03-15,Urussanga,0.0
2020-03-16,Urussanga,0.0
2020-03-17,Urussanga,0.0
2020-03-18,Urussanga,0.0
2020-03-19,Urussanga,0.0
2020-03-20,Urussanga,0.0
2020-03-21,Urussanga,0.0
2020-03-22,Urussanga,0.0
2020-03-23,Urussanga,0.0
2020-03-24,Urussanga,0.0
2020-03-25,Urussanga,0.0
2020-03-26,Urussanga,0.0
2020-03-27,Urussanga,0.0
2020-03-28,Urussanga,1.0
2020-03-29,Urussanga,1.0
2020-03-30,Urussanga,1.0
2020-03-31,Urussanga,1.0
2020-04-01,Urussanga,1.0
2020-04-02,Urussanga,1.0
2020-04-03,Urussanga,1.0
2020-04-04,Urussanga,2.0
2020-03-12,Indaial,0.0
2020-03-13,Indaial,0.0
2020-03-14,Indaial,0.0
2020-03-15,Indaial,0.0
2020-03-16,Indaial,0.0
2020-03-17,Indaial,0.0
2020-03-18,Indaial,0.0
2020-03-19,Indaial,0.0
2020-03-20,Indaial,0.0
2020-03-21,Indaial,0.0
2020-03-22,Indaial,0.0
2020-03-23,Indaial,0.0
2020-03-24,Indaial,0.0
2020-03-25,Indaial,0.0
2020-03-26,Indaial,0.0
2020-03-27,Indaial,0.0
2020-03-28,Indaial,0.0
2020-03-29,Indaial,1.0
2020-03-30,Indaial,1.0
2020-03-31,Indaial,1.0
2020-04-01,Indaial,1.0
2020-04-02,Indaial,1.0
2020-04-03,Indaial,1.0
2020-04-04,Indaial,1.0
2020-03-12,Pescaria Brava,0.0
2020-03-13,Pescaria Brava,0.0
2020-03-14,Pescaria Brava,0.0
2020-03-15,Pescaria Brava,0.0
2020-03-16,Pescaria Brava,0.0
2020-03-17,Pescaria Brava,0.0
2020-03-18,Pescaria Brava,0.0
2020-03-19,Pescaria Brava,0.0
2020-03-20,Pescaria Brava,0.0
2020-03-21,Pescaria Brava,0.0
2020-03-22,Pescaria Brava,0.0
2020-03-23,Pescaria Brava,0.0
2020-03-24,Pescaria Brava,0.0
2020-03-25,Pescaria Brava,0.0
2020-03-26,Pescaria Brava,0.0
2020-03-27,Pescaria Brava,0.0
2020-03-28,Pescaria Brava,0.0
2020-03-29,Pescaria Brava,0.0
2020-03-30,Pescaria Brava,0.0
2020-03-31,Pescaria Brava,1.0
2020-04-01,Pescaria Brava,1.0
2020-04-02,Pescaria Brava,1.0
2020-04-03,Pescaria Brava,1.0
2020-04-04,Pescaria Brava,1.0
2020-03-12,Biguaçu,0.0
2020-03-13,Biguaçu,0.0
2020-03-14,Biguaçu,0.0
2020-03-15,Biguaçu,0.0
2020-03-16,Biguaçu,0.0
2020-03-17,Biguaçu,0.0
2020-03-18,Biguaçu,0.0
2020-03-19,Biguaçu,0.0
2020-03-20,Biguaçu,0.0
2020-03-21,Biguaçu,0.0
2020-03-22,Biguaçu,0.0
2020-03-23,Biguaçu,0.0
2020-03-24,Biguaçu,0.0
2020-03-25,Biguaçu,0.0
2020-03-26,Biguaçu,0.0
2020-03-27,Biguaçu,0.0
2020-03-28,Biguaçu,0.0
2020-03-29,Biguaçu,0.0
2020-03-30,Biguaçu,0.0
2020-03-31,Biguaçu,0.0
2020-04-01,Biguaçu,0.0
2020-04-02,Biguaçu,1.0
2020-04-03,Biguaçu,1.0
2020-04-04,Biguaçu,1.0
2020-03-12,Joaçaba,0.0
2020-03-13,Joaçaba,0.0
2020-03-14,Joaçaba,0.0
2020-03-15,Joaçaba,0.0
2020-03-16,Joaçaba,0.0
2020-03-17,Joaçaba,0.0
2020-03-18,Joaçaba,0.0
2020-03-19,Joaçaba,0.0
2020-03-20,Joaçaba,0.0
2020-03-21,Joaçaba,0.0
2020-03-22,Joaçaba,0.0
2020-03-23,Joaçaba,0.0
2020-03-24,Joaçaba,0.0
2020-03-25,Joaçaba,0.0
2020-03-26,Joaçaba,0.0
2020-03-27,Joaçaba,0.0
2020-03-28,Joaçaba,0.0
2020-03-29,Joaçaba,0.0
2020-03-30,Joaçaba,0.0
2020-03-31,Joaçaba,0.0
2020-04-01,Joaçaba,0.0
2020-04-02,Joaçaba,1.0
2020-04-03,Joaçaba,1.0
2020-04-04,Joaçaba,1.0
2020-03-12,Paulo Lopes,0.0
2020-03-13,Paulo Lopes,0.0
2020-03-14,Paulo Lopes,0.0
2020-03-15,Paulo Lopes,0.0
2020-03-16,Paulo Lopes,0.0
2020-03-17,Paulo Lopes,0.0
2020-03-18,Paulo Lopes,0.0
2020-03-19,Paulo Lopes,0.0
2020-03-20,Paulo Lopes,0.0
2020-03-21,Paulo Lopes,0.0
2020-03-22,Paulo Lopes,0.0
2020-03-23,Paulo Lopes,0.0
2020-03-24,Paulo Lopes,0.0
2020-03-25,Paulo Lopes,0.0
2020-03-26,Paulo Lopes,0.0
2020-03-27,Paulo Lopes,0.0
2020-03-28,Paulo Lopes,0.0
2020-03-29,Paulo Lopes,0.0
2020-03-30,Paulo Lopes,0.0
2020-03-31,Paulo Lopes,0.0
2020-04-01,Paulo Lopes,0.0
2020-04-02,Paulo Lopes,1.0
2020-04-03,Paulo Lopes,1.0
2020-04-04,Paulo Lopes,1.0
2020-03-12,Araranguá,0.0
2020-03-13,Araranguá,0.0
2020-03-14,Araranguá,0.0
2020-03-15,Araranguá,0.0
2020-03-16,Araranguá,0.0
2020-03-17,Araranguá,0.0
2020-03-18,Araranguá,0.0
2020-03-19,Araranguá,0.0
2020-03-20,Araranguá,0.0
2020-03-21,Araranguá,0.0
2020-03-22,Araranguá,0.0
2020-03-23,Araranguá,0.0
2020-03-24,Araranguá,0.0
2020-03-25,Araranguá,0.0
2020-03-26,Araranguá,0.0
2020-03-27,Araranguá,0.0
2020-03-28,Araranguá,0.0
2020-03-29,Araranguá,0.0
2020-03-30,Araranguá,0.0
2020-03-31,Araranguá,0.0
2020-04-01,Araranguá,0.0
2020-04-02,Araranguá,0.0
2020-04-03,Araranguá,1.0
2020-04-04,Araranguá,2.0
2020-03-12,Governador Celso Ramos,0.0
2020-03-13,Governador Celso Ramos,0.0
2020-03-14,Governador Celso Ramos,0.0
2020-03-15,Governador Celso Ramos,0.0
2020-03-16,Governador Celso Ramos,0.0
2020-03-17,Governador Celso Ramos,0.0
2020-03-18,Governador Celso Ramos,0.0
2020-03-19,Governador Celso Ramos,0.0
2020-03-20,Governador Celso Ramos,0.0
2020-03-21,Governador Celso Ramos,0.0
2020-03-22,Governador Celso Ramos,0.0
2020-03-23,Governador Celso Ramos,0.0
2020-03-24,Governador Celso Ramos,0.0
2020-03-25,Governador Celso Ramos,0.0
2020-03-26,Governador Celso Ramos,0.0
2020-03-27,Governador Celso Ramos,0.0
2020-03-28,Governador Celso Ramos,0.0
2020-03-29,Governador Celso Ramos,0.0
2020-03-30,Governador Celso Ramos,0.0
2020-03-31,Governador Celso Ramos,0.0
2020-04-01,Governador Celso Ramos,0.0
2020-04-02,Governador Celso Ramos,0.0
2020-04-03,Governador Celso Ramos,1.0
2020-04-04,Governador Celso Ramos,1.0
2020-03-12,Irati,0.0
2020-03-13,Irati,0.0
2020-03-14,Irati,0.0
2020-03-15,Irati,0.0
2020-03-16,Irati,0.0
2020-03-17,Irati,0.0
2020-03-18,Irati,0.0
2020-03-19,Irati,0.0
2020-03-20,Irati,0.0
2020-03-21,Irati,0.0
2020-03-22,Irati,0.0
2020-03-23,Irati,0.0
2020-03-24,Irati,0.0
2020-03-25,Irati,0.0
2020-03-26,Irati,0.0
2020-03-27,Irati,0.0
2020-03-28,Irati,0.0
2020-03-29,Irati,0.0
2020-03-30,Irati,0.0
2020-03-31,Irati,0.0
2020-04-01,Irati,0.0
2020-04-02,Irati,0.0
2020-04-03,Irati,1.0
2020-04-04,Irati,1.0
2020-03-12,Mafra,0.0
2020-03-13,Mafra,0.0
2020-03-14,Mafra,0.0
2020-03-15,Mafra,0.0
2020-03-16,Mafra,0.0
2020-03-17,Mafra,0.0
2020-03-18,Mafra,0.0
2020-03-19,Mafra,0.0
2020-03-20,Mafra,0.0
2020-03-21,Mafra,0.0
2020-03-22,Mafra,0.0
2020-03-23,Mafra,0.0
2020-03-24,Mafra,0.0
2020-03-25,Mafra,0.0
2020-03-26,Mafra,0.0
2020-03-27,Mafra,0.0
2020-03-28,Mafra,0.0
2020-03-29,Mafra,0.0
2020-03-30,Mafra,0.0
2020-03-31,Mafra,0.0
2020-04-01,Mafra,0.0
2020-04-02,Mafra,0.0
2020-04-03,Mafra,1.0
2020-04-04,Mafra,1.0
2020-03-12,Morro da Fumaça,0.0
2020-03-13,Morro da Fumaça,0.0
2020-03-14,Morro da Fumaça,0.0
2020-03-15,Morro da Fumaça,0.0
2020-03-16,Morro da Fumaça,0.0
2020-03-17,Morro da Fumaça,0.0
2020-03-18,Morro da Fumaça,0.0
2020-03-19,Morro da Fumaça,0.0
2020-03-20,Morro da Fumaça,0.0
2020-03-21,Morro da Fumaça,0.0
2020-03-22,Morro da Fumaça,0.0
2020-03-23,Morro da Fumaça,0.0
2020-03-24,Morro da Fumaça,0.0
2020-03-25,Morro da Fumaça,0.0
2020-03-26,Morro da Fumaça,0.0
2020-03-27,Morro da Fumaça,0.0
2020-03-28,Morro da Fumaça,0.0
2020-03-29,Morro da Fumaça,0.0
2020-03-30,Morro da Fumaça,0.0
2020-03-31,Morro da Fumaça,0.0
2020-04-01,Morro da Fumaça,0.0
2020-04-02,Morro da Fumaça,0.0
2020-04-03,Morro da Fumaça,1.0
2020-04-04,Morro da Fumaça,1.0
2020-03-12,Palhoça,0.0
2020-03-13,Palhoça,0.0
2020-03-14,Palhoça,0.0
2020-03-15,Palhoça,0.0
2020-03-16,Palhoça,0.0
2020-03-17,Palhoça,0.0
2020-03-18,Palhoça,0.0
2020-03-19,Palhoça,0.0
2020-03-20,Palhoça,0.0
2020-03-21,Palhoça,0.0
2020-03-22,Palhoça,0.0
2020-03-23,Palhoça,0.0
2020-03-24,Palhoça,0.0
2020-03-25,Palhoça,0.0
2020-03-26,Palhoça,0.0
2020-03-27,Palhoça,0.0
2020-03-28,Palhoça,0.0
2020-03-29,Palhoça,0.0
2020-03-30,Palhoça,0.0
2020-03-31,Palhoça,0.0
2020-04-01,Palhoça,0.0
2020-04-02,Palhoça,0.0
2020-04-03,Palhoça,1.0
2020-04-04,Palhoça,2.0
2020-03-12,Sombrio,0.0
2020-03-13,Sombrio,0.0
2020-03-14,Sombrio,0.0
2020-03-15,Sombrio,0.0
2020-03-16,Sombrio,0.0
2020-03-17,Sombrio,0.0
2020-03-18,Sombrio,0.0
2020-03-19,Sombrio,0.0
2020-03-20,Sombrio,0.0
2020-03-21,Sombrio,0.0
2020-03-22,Sombrio,0.0
2020-03-23,Sombrio,0.0
2020-03-24,Sombrio,0.0
2020-03-25,Sombrio,0.0
2020-03-26,Sombrio,0.0
2020-03-27,Sombrio,0.0
2020-03-28,Sombrio,0.0
2020-03-29,Sombrio,0.0
2020-03-30,Sombrio,0.0
2020-03-31,Sombrio,0.0
2020-04-01,Sombrio,0.0
2020-04-02,Sombrio,0.0
2020-04-03,Sombrio,0.0
2020-04-04,Sombrio,1.0
2020-03-12,Outros estados,0.0
2020-03-13,Outros estados,0.0
2020-03-14,Outros estados,0.0
2020-03-15,Outros estados,0.0
2020-03-16,Outros estados,0.0
2020-03-17,Outros estados,0.0
2020-03-18,Outros estados,0.0
2020-03-19,Outros estados,0.0
2020-03-20,Outros estados,0.0
2020-03-21,Outros estados,0.0
2020-03-22,Outros estados,0.0
2020-03-23,Outros estados,0.0
2020-03-24,Outros estados,0.0
2020-03-25,Outros estados,5.0
2020-03-26,Outros estados,5.0
2020-03-27,Outros estados,5.0
2020-03-28,Outros estados,5.0
2020-03-29,Outros estados,5.0
2020-03-30,Outros estados,5.0
2020-03-31,Outros estados,5.0
2020-04-01,Outros estados,5.0
2020-04-02,Outros estados,5.0
2020-04-03,Outros estados,5.0
2020-04-04,Outros estados,6.0
2020-03-12,Outros países,0.0
2020-03-13,Outros países,0.0
2020-03-14,Outros países,0.0
2020-03-15,Outros países,0.0
2020-03-16,Outros países,0.0
2020-03-17,Outros países,0.0
2020-03-18,Outros países,0.0
2020-03-19,Outros países,0.0
2020-03-20,Outros países,0.0
2020-03-21,Outros países,0.0
2020-03-22,Outros países,0.0
2020-03-23,Outros países,0.0
2020-03-24,Outros países,0.0
2020-03-25,Outros países,3.0
2020-03-26,Outros países,3.0
2020-03-27,Outros países,3.0
2020-03-28,Outros países,3.0
2020-03-29,Outros países,3.0
2020-03-30,Outros países,3.0
2020-03-31,Outros países,3.0
2020-04-01,Outros países,3.0
2020-04-02,Outros países,3.0
2020-04-03,Outros países,3.0
2020-04-04,Outros países,3.0
